Author,Date,Region,Sentence,ModernSentence_1Shot,ModernSentence_3Shot,ModernSentence_5Shot,ModernSentence_7Shot,ModernSentence_NLLB
Brunetto Latini,1260-61,fior.,"quella guerra ben fatta l' opera perché etc. Et dall' altra parte Aiaces era uno cavaliere franco e prode all' arme, di gran guisa, ma non era pieno di grande senno","quella guerra ben fatta fu l'opera della sua mano perché etc. Et dall'altra parte Aiace era un cavaliere franco e prode in battaglia, di gran guisa, ma non era pieno di grande senno.","Quella guerra ben conclusa è un'opera d'arte perché etc. E dall'altra parte Aiace era un cavaliere francese e prode in battaglia, di gran valore, ma non era pieno di grande saggezza.","Quella guerra, ben che fosse stata ben fatta, era opera di fortuna; e dall'altra parte Aiace era un cavaliere franco e valoroso in battaglia, di gran qualità, ma non pieno di grande saggezza.","Quella guerra ben vinta fu considerata un'opera degna, perché... E dall'altra parte Aiace era un cavaliere francese e valoroso in battaglia, di gran valore, ma non era pieno di grande saggezza.","E dall'altra parte Aiaces era un cavaliere franco e bravo con le armi, in gran parte, ma non era pieno di grande senso"
Bono Giamboni,1292,fior.,"crudele, e di tutte le colpe pigli vendetta, come dice la legge, ed a neuno cavaliere perdoni che pecchi.","crudele, e di tutte le colpe prendi vendetta, come dice la legge, ed a nessun cavaliere perdoni che peccare.","crudele, e per tutte le colpe prendi vendetta, come dice la legge, e non perdoni a nessun cavaliere che pecci.","crudele, e di tutte le colpe prendi vendetta, come dice la legge, ed a nessuno cavaliere perdoni che pecca.","Cruel, e punisca tutte le colpe con vendetta, come dice la legge, e non perdoni a nessun cavaliere che peccare commetta.","E' crudele, e da ogni colpa prende la sua vendetta, come dice la legge, e nessun cavaliere perdona il peccato."
Valerio Massimo (red. V1,1336,fior.,"Non d' altra forza d' animo fue ornato Ponzio Aufidiano, romano cavaliere.","Non fu ornato d'altra forza d'animo Ponzio Aufidiano, cavaliere romano.","Non fu ornato d'altro spirito Ponzio Aufidiano, cavaliere romano.","Non fu adornato dall'altra forza di animo Ponzio Aufidiano, cavaliere romano.","Non fu ornato da nessun'altra forza d'animo Ponzio Aufidiano, cavaliere romano.","Non di altra forza d'animo fu decorato Ponzio Aufidiano, cavaliere romano."
Lucano volg. (ed. Marinoni),1330/40,prat.,"Se questo piace a tutti e se 'l tempo hae bisogno d'avere Pompeio per cavaliere e non per compagno, non riterrò più i fati.","Se questo piace a tutti e se il tempo ha bisogno di avere Pompeo per cavaliere e non per compagno, non riterrò più i fatti.","Se questo piace a tutti e se il tempo abbia bisogno di avere Pompeo per cavaliere e non per compagno, non riterrò più i fatti.","Se questo piace a tutti e se il tempo ha bisogno di avere Pompeo come cavaliere e non come compagno, non riterrò più i fatti.","Se questo piace a tutti e se il tempo ha bisogno di avere Pompeo per cavaliere e non per compagno, non riterrò più i fatti.","Se questo piace a tutti e se il tempo ha bisogno di avere Pompei come cavaliere e non come compagno, non tratterrò più i fati."
Brunetto Latini,1260-61,fior.,"Officio di questa arte pare che sia dicere appostatamente per fare credere, fine è far credere per lo dire.","L'ufficio di questa arte sembra essere dire apposta per far credere, la fine è credere per dire.","L'ufficio di questa arte sembra consistere nel dire appositamente per far credere, e la fine è credere per dire.","L'arte di questo mio compito sembra che sia dicere in modo appropriato per far credere, la fine è credere per dire.","L'ufficio di questa arte sembra che sia dire sempre in modo artificiale per far credere, e finisce per far credere il fatto di dire.","Il mestiere di questa arte sembra essere dire apertamente per far credere, fine è far credere per dirlo."
Simintendi,1333,tosc.,Ecco e larghi ventipiovoli caggiono delle risolute nebbie; e potresti credere che tutto il cielo cadesse nel mare,Ecco e larghi venti piúvoli caggiono delle risolute nebbie; e potresti credere che tutto il cielo cadesse nel mare.,"Ecco e larghi venti piovani, che portano delle risolute nebbie; e potresti credere che tutto il cielo si sfondasse nel mare.","Ecco, con venti larghi e piacevoli, cadono delle risolute nebbie; e potresti credere che tutto il cielo precipitasse nel mare.",Ecco e larghi venti piuviosi portano le risolute nebbie; e potresti credere che tutto il cielo si abbattesse nel mare.,Ecco e larghe ventole cadono di nebbie risolute; e si potrebbe credere che tutto il cielo caduto nel mare
Agostino da Scarperia (?),1390,tosc.,"Però che or chi spererebbe quello che eziandio questi che non vogliono ancora credere in Cristo, già veggiono con noi, e perché nol possono negare, stridono colli denti.","Però che ora chi spererebbe di quello che egli stesso questi che non vogliono ancora credere in Cristo, già vedono con noi, e perché non possono negare, stridono con gli occhi.","Però chi spererebbe che anche quei che non vogliono ancora credere in Cristo, già ci vedono tra noi, e perché non possono negarlo, stridono con le loro labbra.","Però, perché chi potrebbe sperare che coloro, che non vogliono ancora credere in Cristo, già ci vedono, e perché non possono negare, stridono con rabbia i loro denti.","Ma chi spererebbe che quegli stessi che non vogliono ancora credere nel Cristo, già vedono con noi, e perché non possono negare, stridono con gli occhi.","Eppure, chiunque abbia questa speranza è già morto insieme a noi. Eppure, perché non possono negarsi, strillano i loro denti."
Bono Giamboni,1292,fior.,I vendimenti de' morti et le presure de' vivi fece la frode d'uno feroce re.,I commerci dei morti e le prese dei vivi furono l'inganno di un re crudele.,I pregiudizi dei morti e la pressione dei vivi hanno ingannato un crudele re.,I traffici dei morti e le pressioni dei vivi fecero la frode di un re crudele.,I vendemmiamenti delle vittime e le pressioni dei vivi resero la frode di un crudele re.,Le vendite dei morti e le pressioni dei vivi fecero la truffa di un re feroce.
Bart. da San Concordio,1313,tosc.,"Acciocché quegli, il quale ora per le sue gran reità è feroce e onorevole, egli d'ogni male afflitto e tormentato della impietà verso il mio padre.","Acciocché quello, il quale ora, per la sua grande nobiltà, sia ferocissimo e onorato, egli d'ogni male afflitto e tormentato per l'impietatezza verso mio padre.","Acciocché quell'uomo, che ora per la sua grande nobiltà è crudele e onorato, sia da ogni male afflitto e tormentato a causa dell'impietà verso il mio padre.","Acciocché quell'uomo, il quale ora, per le sue grandi offese, è crudele e degno di rispetto, sia liberato da tutti i mali e i tormenti che lo affliggono a causa della sua impietà verso mio padre.","Acciocché quell'uomo, il quale, per la sua grande nobiltà, è ferito e onorato, sia da ogni male afflitto e tormentato, a causa dell'impietà verso mio padre.","Perché lui, che ora per le sue grandi reati è feroce e onorevole, egli di ogni male afflitto e tormentato dalla pietà verso mio padre."
Brunetto Latini,1260-61,fior.,Gli uomini spessamente a stare fermi nella bugia incontra la verità.,"Gli uomini, spesso a stare fermi nella bugia, incontra la verità.","Gli uomini spesso, a stare fermi nella menzogna, incontrano la verità.","Gli uomini, spesso in silenzio, pericolosi mentitori, incontrano la verità.","Gli uomini spesso, rimanendo fermo nelle loro bugie, incontrano la verità.",Gli uomini spesso a stare fermi nella menzogna incontra la verità.
Filippo da Santa Croce,1323,tosc.,"Marco Cornelio ch'era de' dieci compagni, studiosamente  si riservò di parlare all'ultimo.","Marco Cornelio, che era uno dei dieci compagni, si riservò studiosamente di parlare all'ultimo.","Marco Cornelio, uno dei dieci compagni, si riservò deliberatamente di parlare all'ultimo.","Marco Cornelio, che era uno dei dieci compagni, si riservò deliberatamente di parlare all'ultimo.","Marco Cornelio, che era uno dei dieci compagni, si riservò di parlare con cura, studiata, all'ultimo.","Marco Cornelio, che era uno dei dieci compagni, si riservò studiosamente di parlare all'ultimo."
Cavalca,1330,tosc.,cose ch'io sapeva che erano fatte in Italia.,cose che io sapevo fossero fatte in Italia.,cose che io sapevo erano fatte in Italia.,cose che io sapevo essere fatte in Italia.,cose che io sapevo essere fatte in Italia.,cose che sapevo fossero fatte in Italia.
Valerio Massimo (red. V1,1336,fior.,Corbio nipote d' Ortensio menò sua vita più bassa e più viziosa,"Corbio, nipote d'Ortensio, menò una vita più bassa e più viziosa.","Corbio, nipote di Ortensio, menò una vita più bassa e più viziata.","Corbio, nipote di Ortensio, condusse una vita più bassa e più corrotta.","Corbio, nipote di Ortensio, condusse una vita più bassa e più viziata","Corbio , nipote di Ortensio , ha vissuto la sua vita più bassa e più viziosa ."
Brunetto Latini,1260-61,fior.,"Altressì uno amante chiamando merzé alla sua donna dice parole e ragioni molte, et ella si difende in suo dire.","Altrettanto uno amante, chiamando meriti alla sua donna, dice molte parole e ragioni, e lei si difende con il suo dire.","Altrettanto uno amante, chiamando meriti alla sua donna, dice molte parole e ragioni, e lei si difende in sua difesa.","Altrettanto uno amante, chiamando meriti alla sua donna, dice molte parole e ragioni, e ella si difende nel suo modo.","Altrettanto un amante, chiamando meriti alla sua donna, dice molte parole e ragioni, e lei si difende a sua volta.","Altre volte un amante chiamando Merzé alla sua donna dice molte parole e ragioni, e lei si difende nel suo dire."
Arte Am. Ovid. (B),1310/13,fior.,"Io mi ricordo (ch. 347) che essendo adirato scapigliai la mia donna. Ohi, quanti dì questa ira mi tolse!","Io mi ricordo (ch. 347) che, essendo infuriato, fuggii dalla mia donna. Oh, quanto giorni questi rabbia mi ha tolto!","Io mi ricordo (ch. 347) che, infuriato, mi allontanai dalla mia donna. Oh, quanti giorni questa rabbia mi ha tolto!","Io mi ricordo (capitolo 347) che, essendo infuriato, fuggii dalla mia donna. Oh, quanti giorni questa rabbia mi tolse!","Io mi ricordo che, essendo arrabbiato, mi scapigliai con la mia donna. Oh, quanto giorni di rabbia mi tolse!","Ricordo (c. 347) che, essendo arrabbiato, ho picchiato la mia donna."
Rim. Am. Ovid. (B),1310/13,fior.,colui del quale tu tti solevi dolere ch' era amante della tua donna;,"colui che tu sempre ti dava motivo di dolere, che era amante della tua donna;",colui del quale tu ti sentivi dolere che era innamorato della tua donna;,"colui del quale tu ti servivi per dolere, che era amante della tua donna;","colui che era l'amante della tua donna, di cui ti facevi dolere","Colui di cui ti addoloravi , che era l' amante di tua moglie ."
Fatti de' Romani (H+R),1313,fior.,"Ma no sapeano già le nomora di coloro dela congiurazione, ché la donna no nominava già li nomi.","Ma non sapevano già le mogli di coloro della congiura, che la donna non nominava già i nomi.","Ma nessuno sapeva già i nomi delle mogli di coloro che erano coinvolti nella congiura, poiché la donna non nomina ancora i nomi.","Ma non sapevano già le mogli di coloro che erano coinvolti nella congiura, poiché la donna non nominava ancora i nomi.","Ma non sapevano già le mogli di coloro che erano coinvolti nella congiura, perché la donna non nomina ancora i nomi.","Ma non sapevano già i nomi dei cospiratori, perché la donna non li aveva già nominati."
Ceffi,1325,fior.,"Creti?  Certo quand'elli si mosse, elli ti dixe: 'O fedele mia donna, fa' che in mio luogo ti sia racomandato il nostro hoste troiano'.","Cresci?  Certamente quando egli si mosse, egli ti disse: ""O fedele mia donna, fai che in mio luogo ti sia raccomandato il nostro ostiere troiano"".","Credevi. Certo, quando [lui] si mosse, [lui] ti disse: 'O fedele mia donna, assicurati che in mio luogo sia raccomandato il nostro ospite troiano'.","Certo, quando Troilo si mosse, disse: 'Oh fedele mia donna, assicurati che in mio posto sia raccomandato il nostro ostello di Troia'.","Creti?  Certo, quando lui si mosse, lui ti disse: 'O fedele mia donna, fai che, nel mio posto, sia raccomandato il nostro ostello di Troia'.","Cretesi? Sicuramente quando si muovevano, ti dicevano: 'O mia fedele donna, fai in modo che il nostro Trojan host ti sia raccomandato al posto mio.'"
Valerio Massimo (red. V1,1336,fior.,"A Milano fue ripressa la malvagità d' una donna in simile bugìa, nel tempo medesimo di questo signore della republica, in questo modo: ","A Milano, fu rimpiazzata la malvagità di una donna con una simile bugia, nel tempo medesimo in cui si trovava questo signore della repubblica, in questo modo:","A Milano fu repressa la malvagità di una donna in un tale comportamento, nel medesimo periodo in cui regnava questo signore della repubblica, in questo modo:","A Milano, la malvagità di una donna fu repressa in un modo simile a questa bugia, proprio in quello stesso periodo in cui questo signore governava la repubblica, in questo modo:","A Milano, la malvagità di una donna fu repressa in modo simile a una bugia, proprio in quel periodo in cui governava questo signore della repubblica, in questo modo:","A Milano fu ripresa la malvagità di una donna nella stessa menzogna, nello stesso tempo di questo signore della repubblica, in questo modo: "
Filippo da Santa Croce,1323,tosc.,"E lamentavansi dell'iniquità d'Appio, e ripiagnevano la malavventurata beltà della pulcella e la necessità del padre.","E lamentavansi dell'iniquità di Appio, e ripiangevano la malavventurata bellezza della pulcella e la necessità del padre.","E lamentavano l'ingiustizia d'Appio, e lamentavano la sventura della giovane donna e la necessità del padre.","E lamentavansi dell'iniquità di Appio, e ripiangevano la malavventurata bellezza della fanciulla e la necessità del padre.","E si lamentavano dell'iniquità di Appio, e lamentavano la povera bellezza della ragazza e la necessità del padre.","E si lamentavano dell'iniquità di Apio, e lamentavano l'infortunata bellezza della pulce e la necessità del padre."
Brunetto Latini,1294,fior.,"Nella quale battaglia, certo io ebbi sempre ardire di ragionare di pace e sempre mi dolfi che non solamente la pace era schifata,","Nella quale battaglia, certo io ebbi sempre il coraggio di ragionare di pace e sempre mi dolsi che non solo la pace era disprezzata.","Nella quale battaglia, certo io ebbi sempre il coraggio di ragionare di pace e sempre mi dispiaceva che non solo la pace fosse disprezzata,","In quale battaglia, certo io ebbi sempre il coraggio di parlare di pace e sempre mi dispiaceva che la pace non fosse accettata, non solo.","Nella quale battaglia, certo io ebbi sempre il coraggio di discutere di pace e sempre mi dolsi che non solo la pace era rifiutata,","In quella battaglia, certo, ho sempre avuto il coraggio di parlare di pace e mi sono sempre pentito che non solo la pace fosse schifosa,"
Bart. da San Concordio,1313,tosc.,"la seconda suole talora per la grande provedenzia fare timoroso, e la prima per l'ardire rendere altrui matto.","La seconda solitamente fa temere per la grande provvidenza, e la prima per l'audacia rende altrui pazzo.","La seconda sollecita talora la grande fortuna a fare temerario, e la prima per l'audacia rende l'altrui animo pazzo.","La seconda sedia talora spaventa per la grande prosperità, e la prima spaventa per l'audacia, rendendo altrui pazzo.","La seconda ombra talora per la grande fortuna fa timoroso, e la prima per l'audacia rende gli altri matti.","La seconda calza talvolta per la grande provvidenza fare timido, e il primo per l'audacia rendere gli altri pazzi."
Valerio Massimo (red. V1,1336,fior.,Andò nel campo de' Cartaginesi e tutta la legione trasse seco.,Andò nel campo dei Cartaginesi e tutta la legione lo portò con sé.,Andò nel campo dei Cartaginesi e tutta la legione lo accompagnò.,Andò nel campo dei Cartaginesi e tutta la legione lo seguì.,Andò nel campo dei Cartaginesi e tutta la legione lo seguì con sé.,Andò nel campo dei Cartaginesi e l'intera legione attraversò a secco.
Zanobi da Strada,1361,tosc.,"Non lo volle cognoscere per nimico. Qesta è quella, la quale diede ardire al profeta Natan a riprendere con grande autoritade quello re, il quale avea peccato.","Non volle conoscere per nemico. Questa è quella, la quale diede coraggio al profeta Natan a riprendere con grande autorità quel re, che aveva peccato.","Non volle riconoscerlo come nemico. Questa è quella, che diede coraggio al profeta Natan per riprendere con grande autorità quel re, il quale aveva peccato.","Non volle conoscerlo per nemico. Questa è quella, la quale diede coraggio al profeta Natan per richiamare con grande autorità quell'usurpo re, che aveva commesso un peccato.","Non lo volle riconoscere per un nemico. Questa è quella, che fu l'ispiratrice del profeta Natan a riprendere con autorità quel re, che aveva peccato.","Non ha voluto riconoscerlo come nemico. Questa è quella che ha dato il coraggio al profeta Natan di rimproverare con grande autorità il re, che aveva peccato."
Frontino volg.,1381,bologn.,"l'armi et insieme con loro passaseno tra li nimici, perçò se alcuno non avesse ardire de questo et sì avevano questo animo.","Le armi e insieme con loro passammo tra i nemici, perciò se alcuno non aveva il coraggio di far questo e si era animato.","le armi e insieme con loro passammo tra i nemici, però se alcuno non aveva il coraggio di fare questo e invece aveva questo animo.","le armi e insieme con loro passavano tra i nemici, perciò se alcuno non aveva il coraggio di farlo e invece aveva questo animo.","Le armi e insieme con loro passarono tra i nemici, però se nessuno aveva il coraggio di farlo, così avevano questo animo.","Le armi e insieme con loro hanno passato tra i nemici, perché se nessuno aveva il coraggio di questo e si avevano questo spirito."
Giovanni da San Miniato,1415,tosc.,Unde ragionevolemente Iob è interpretato dolente;,Dove si ragiona che Iob sia interpretato come persona dolente;,Da dove si deriva la ragione che Iob è interpretato come persona dolente;,Da cui si può ragionevolmente dedurre che Iob è interpretato come una persona triste;,E' interpretato Iob come persona dolente.,Dove ragionevolmente Giobbe è interpretato dolente;
Filippo da Santa Croce,1323,tosc.,"quello che sopra tutti gli altri perdonasse a' cittadini, e a cui più sicuramente possiate credere; poi ch'egli fu vostro comandatore.","quello che sopra tutti gli altri perdonasse ai cittadini, e a cui più sicuramente potete credere; poi che egli fu vostro comandante.","Quello che sopra tutti gli altri perdonasse ai cittadini, e a cui più sicuramente potete credere; poi che egli fu vostro comandante.","Quello che avrebbe perdonato a tutti i cittadini e a cui potevate più sicuramente fidare, poi che egli fu vostro comandante.","quello che, per tutti gli altri, perdonava ai cittadini, e a cui potevate più sicuramente credere, poi che egli fu vostro comandante.","Colui che, sopra tutti gli altri, ha perdonato i cittadini, e a cui potete più sicuramente credere; poi è stato il vostro comandante."
Zanobi da Strada,1361,tosc.,"in vano si domanda chi questo Libro scrivesse, con ciò sia cosa che fedelmente si debba credere che l'Auttore di quello fusse lo Spirito santo.","In vano si domanda chi questo libro abbia scritto, con ciò sia cosa che fedelmente si debba credere che l'autore di quello sia stato lo Spirito Santo.","Inutilmente si chiede chi abbia scritto questo Libro, in modo che si possa credere fedelmente che l'autore sia stato lo Spirito Santo.","In vano si chiede chi abbia scritto questo Libro, in modo che si possa sapere se ciò che si dice sia fedele, e se l'autore fosse lo Spirito Santo.","In vano si domanda chi abbia scritto questo libro, per sapere se sia qualcosa di fedele da credere, poiché si può affermare che l'autore sia stato lo Spirito Santo.","Invano si chiede chi abbia scritto questo libro, con ciò si deve fidatamente credere che l'Autore di esso fosse lo Spirito Santo."
Agostino da Scarperia (?),1390,tosc.,"se non fosse usatissima, ciò parrebbe certo molto più incredibile: certo più agevolmente si può credere quello, posto che l'umano spirito al divino, ed il mutabile allo incommutabile","Se non fosse assai comune, ciò parrebbe sicuramente molto più incredibile: sicuramente più agevolmente si può credere quello, posto che l'animo umano si avvicina al divino e il mutabile si avvicina all'incomparabile.","Se non fosse stata usata a lungo, ciò parrebbe sicuramente molto più incredibile: infatti, con maggiore facilità si può credere a quello che è più conforme all'uomo, posto che lo spirito umano si avvicina al divino e il mutabile si avvicina all'incomparabile.","Se non fosse troppo comune, ciò sarebbe stato considerato molto più incredibile: certo, perché è più facile credere a quello che è comune, posto che l'animo umano si può facilmente adattare al divino e il mutabile si può facilmente adattare all'incomparabile.","Se non fosse assai comune, questo sarebbe certamente molto più incredibile: è più facile credere a ciò, perché l'animo umano si avvicina al divino e il mutabile si avvicina allo invariabile.","se non fosse molto usata, questo sembrerebbe certamente molto più incredibile: certamente più facilmente si può credere che, dal momento che lo spirito umano al divino, e il mutevole all'immutabile"
Brunetto Latini,1260-61,fior.,che prendessero la paga dal camarlingo per loro dispensa et immantenente andassero alla presenzia di messer lo papa per contradiare il passamento de' cavalieri che veniano di Cecilia in Toscana,che prendessero la paga dal camerlingo per loro dispensa e immediatamente andassero alla presenza di messer il Papa per contraddire il passaggio dei cavalieri che vengono da Cecilia in Toscana,per cui la paga dovrebbe essere pagata dal camerlingo a loro carico e immedesimamente dovessero recarsi in presenza di messer il Papa per contraddire il passato della morte dei cavalieri che vengono da Cecilia in Toscana.,Che prendessero la paga dal camerlingo per loro dispensa e andassero immediatamente alla presenza del papa per contrastare il passaggio dei cavalieri che vengono da Cecilia in Toscana.,"per cui prendessero la paga dal camerlingo, dispensandoli immediatamente e andassero subito alla presenza del papa, per contraddire il passaggio dei cavalieri che provenivano da Cecilia in Toscana",che prendessero la paga dal camarellino per la loro dispensa et immantenente andassero alla presenza di Messer il papa per contradire il passaggio dei cavalieri che venivano da Cecilia in Toscana
Bonsignori,1375-77,umbr.-tosc.,"Teseo reguardò Achelao fortemente meravigliandose e disse così: ""O messer Achelao, io vi prego che voi me diciate in che modo voi perdeste","Teo sguardò Achelao con grande meraviglia e disse così: ""O Signor Achelao, io vi prego che voi mi diate a sapere in che modo voi perdeteste","Teseo esaminò Achelao con grande meraviglia e disse così: ""Oh signor Achelao, vi chiedo che mi dite di come avete perso [il vostro] potere.","Teseo lo guardò attentamente, meravigliandosi e disse così: ""O signor Achelao, io vi chiedo che mi dica in che modo voi siete caduto"".","Teseo lo guardò con attenzione, meravigliandosi e disse così: ""Oh signor Achelao, io vi prego di diremi come avete perso la vostra figlia""","Teseo guardò Achelao con grande meraviglia e disse così: ""O signor Achelao, ti prego di dirmi in che modo hai perso"
Giovanni da San Miniato,1415,tosc.,"Io spero in messer Iesù di mandare tosto a voi Timoteo, acciocché io sia d'animo buono","Io spero che messer Iesù vi mandi presto Timoteo, acciocché io sia d'animo buono.","Io spero in Messere Gesù Cristo di mandarti presto il Timoteo, affinché io possa essere d'animo buono.","Spero che messer Gesù voglia mandarmi presto il Timoteo, affinché io sia d'animo buono.","Spero in messer Gesù Cristo, affinché mandi presto Timoteo a voi, affinché io sia di animo buono.","Spero, nel Signore Gesù, di mandarvi presto Timoteo, affinché anch'io possa essere nutrito."
Brunetto Latini,1260-61,fior.,sanza fallo lo porco salvatico avanza l' uomo d' udire e 'l lupo cerviere del vedere,"Senza farlo, il porco selvatico avanza l'uomo d'udire e l'uomo cerviere del vedere.","Senza fatica, l'uomo selvatico avanza per sentire e il lupo astuto per vedere.","Senza paura, lo strano e selvaggio porco, l'uomo avanza per sentire, mentre il lupo, con la sua saggezza, avanza per vedere.","Sanza fegato, il porco selvatico avanza l'uomo di udire, mentre il lupo cerviere avanza per vedere.",Mangialo il maiale selvatico avanza l'uomo di udire è il lupo cerviere di vedere
Bono Giamboni,1292,fior.,uno luogo si mandano lancioni;  la quale cosa i cavalieri l' appellano capo di porco,Uno luogo si manda lancioni;  la qual cosa i cavalieri lo chiamano capo di porco.,Uno dei luoghi in cui si mandano lancioni; la quale cosa i cavalieri lo chiamano capo di porco.,"Uno luogo viene colpito dai lancioni; la cosa che i cavalieri la chiamano ""capo di porco"".",Un luogo da cui si lanciano pietre; quella cosa i cavalieri la chiamano testa di porco,"C' è un luogo dove si lanciano lanci , che i cavalieri chiamano testa di maiale ."
Arte Am. Ovid. (B),1310/13,fior.,tenda le reti a li cerbi e sa bene in quali valle dimori il furioso porco cinghiare.,Tenda le reti ai cervi e sappia bene in quali valli dimora il furioso porco che cinguetta.,Metti le reti per i cervi e sappi bene in quale valle abita il porco furioso che grida.,Metti le reti agli uccelli e sai bene in quale valle abita il furioso porco che svolacchia.,tendi le reti per catturare gli uccelli e sa bene in quale valle il furioso porciglione [o porcello] grida.,Spende le sue reti per i cervi e sa bene in quale valle risiede il maiale furioso.
Rim. Am. Ovid. (B),1310/13,fior.,"Ora spaventerai li disidirosi cervi con varie e diverse paure, o lo porco cenghiare caggia in terra passato collo spiedo.","Ora spaventerò i diserediti cervi con molte e diverse paura, o il porco cinghiale cade a terra con il collo passato allo spiedo.","Ora spaventerò i cervi disperati con molte e diverse paura, o il porco che si aggrappa al collo con il coltello nel terreno.","Ora spaventerai i disperati cervi con vari e diverse paura, o il porco che si rinculla e cade a terra con il collo legato allo spiedo.","Ora spaventerò quei cervi disperati con paura e preoccupazione diverse, o il porco che si mette a cercare il cibo cadrà a terra con il collo su un affilato coltello.","Ora spaventerai i cervi desiderosi con varie e diverse paure, o il maiale cinguettare cacca a terra passato il collo spietato."
Brunetto Latini,1260-61,fior.,"tratta la natura delle cose incorporali le quali non conversano intra lle corpora, sì come Dio e le divine cose.","Tratta la natura delle cose incorporee le quali, non conversando tra loro all'interno delle corpori, si somigliano così come Dio e le cose divine.","Tratta la natura delle cose incorporee, che non conversano tra loro all'interno delle corporazioni, in modo simile a Dio e alle cose divine.","Tratta la natura delle cose incorporee, che non conversano tra loro all'interno delle corpora, allo stesso modo in cui Dio e le cose divine.","Tratta la natura delle cose che non hanno una forma corporea, che non si comunicano tra loro dentro le corpora, così come Dio e le cose divine.","Parla della natura delle cose corporee che non parlano con il corpo, ma come Dio e le cose divine."
Bono Giamboni,1292,fior.,"Dio, per la quale si dispensano et iudicano tutte le cose.","Dio, che per cui si dispone e giudica tutte le cose.","Dio, che dispone e giudica tutte le cose.","Dio, per il quale si dispensano tutte le cose e vengono giudicate.","Dio, per cui si dispensano e si giudicano tutte le cose.","Dio, per il quale dispongono e giudicano tutte le cose."
Bonsignori,1375-77,umbr.-tosc.,"Unde gli poeti, parlando de lloro, dicono le virtute loro e dicono fabolosamente gli loro difetti, quando alcuna passava l'ordine a lloro deputato","Dov'è che i poeti, parlando di loro, dicono le loro virtù e dicono meravigliosamente le loro difetti, quando alcuna passava l'ordine al loro deputato.","Dovunque i poeti, parlando di loro stessi, dicono delle virtù loro e dicono spesso con magnanimo eccesso degli loro difetti, quando alcuna passava l'ordine loro di competenza.","Dall'alto di loro stesse, i poeti, parlando di sé, descrivono le loro virtù e dicono con grandissima fantasia i loro difetti, quando, per ordine del loro deputato, una delle loro opere passava in revisione.","Dagli antichi poeti, parlando di loro, dicono le virtù loro e dicono fabulosamente le loro debolezze, quando ogni volta che una passava l'ordine ai loro deputati.","Dove i poeti, parlando di loro, dicono le loro virtù e dicono favolosamente i loro difetti, quando qualcuno passava l'ordine al loro deputato"
Giovanni dalle Celle (?),1396,tosc.,"e quella cosa, la quale è diricta et onesta, e con virtute, quella sola penso essere lo bene.","E quella cosa, che è diretta e onesta, e con virtù, penso che sia il bene solo.","E quella cosa, che è diretta e onesta, e con virtù, quella sola penso essere il bene.","E quella cosa, che è diretta e onesta, e con virtù, solo essa credo essere il bene.","E quella cosa, che è diretta e onesta, e che si può ottenere con virtù, penso che sia il bene solo.","e quella cosa, che è diretta e onesta, e con virtù, quella sola penso sia il bene."
Fatti de' Romani (H+R),1313,fior.,"Quando li serpenti invellenava di giorno alcuno Romano, allora iera la maraviglia a vedere come li Psille si combattevano al veleno, ché elli imolavano tutto inazzi della loro salive","Quando i serpenti invellavano di giorno qualcuno Romano, allora era la maraviglia vedere come i Piselli si combattevano con il veleno, poiché loro imolarono tutto con la loro saliva","Quando i serpenti si avventavano a morire di giorno, alcuni Romani erano meravigliati di vedere come i psille [ovvero i serpenti velenosi] si combattevano con il veleno, perché loro uccidevano tutto con la saliva loro.","Quando i serpenti attaccavano i Romani di giorno, allora era la maraviglia vedere come i Pisani si combattevano con il veleno, poiché loro impiettavano tutto con la saliva della loro morte.","Quando serpenti invasavano il territorio romano, allora la gente si meravigliava di vedere come i pellegrini si combattevano con il veleno, perché loro uccidevano tutto con la saliva della loro velenosa lingua","Quando i serpenti avvelenavano di giorno un romano, allora era meraviglioso vedere come i Psille si combattevano con il veleno, perché loro immolavano tutto inattivo della loro saliva."
Chiose a Rim. Am. (B),1310-,fior.,"Dice il poeta: oh, che bella cosa è vedere apertamente con gli occhi quando tu glel fai diretro o in culo o in altro","Dice il poeta: oh, che bella cosa è vedere apertamente con gli occhi quando tu gli fai direttamente o in culo o in altro modo.","Il poeta dice: oh, che bella cosa è vedere apertamente con gli occhi, quando tu gli fai direttamente o in culo o in altro modo.","Il poeta dice: oh, quanto è bella la cosa di vedere apertamente con gli occhi quando tu lo fai direttamente o in bocca o in altro posto.","Il poeta dice: oh, che bella cosa è vedere apertamente con gli occhi, quando tu fai l'atto di farlo direttamente in posteriorità o in un altro modo.","Dice il poeta: oh, che bella cosa è vedere con gli occhi aperti quando lo fai indietro o sul culo o in altro"
Cavalca,1330,tosc.,"ma pur questo fu colpa tua, però che volesti cercare di vedere con gli occhi corporali la cosa invisibile.","Ma pur questo fu colpa tua, però che volevi cercare di vedere con gli occhi corporali la cosa invisibile.","Ma pur questo fu colpa tua, poiché volevi cercare di vedere con gli occhi fisici la cosa invisibile.","Ma pur questo fu colpa tua, poiché volevi cercare di vedere con gli occhi del corpo la cosa invisibile.","ma pur questo fu colpa tua, perché volevi cercare di vedere con gli occhi del corpo la cosa invisibile.","Ma anche questo è stato colpa tua, ma che hai cercato di vedere con gli occhi corporei la cosa invisibile."
Brunetto Latini,1260-61,fior.,"Vero è, ma non tine rispondo in questo tempo, perciò che ttu se' mio servo, o perciò ch' è tempo feriato, o perciò ch' io non debbo risponderti","È vero, ma non ti rispondo in questo momento, perché tu sei mio servo, o perché è tempo di festa, o perché io non sono obbligato a risponderti.","Sì, è vero, ma non ti risponderò in questo momento, perché tu sei mio servo, oppure perché è un giorno festivo, oppure perché non devo risponderti.","È vero, ma non ti rispondo in questo momento, perché tu sei mio servo, oppure perché è un giorno di festa, oppure perché io non devo risponderti.","È vero, ma non ti rispondo in questo momento, perché sei mio servo, o perché è un giorno festivo, o perché non sono tenuto a risponderti","È vero, ma non ti risponderò in questo momento, perché tu sei il mio servo, o perché è tempo di vacanza, o perché non devo rispondere a te"
Fatti de' Romani (H+R),1313,fior.,sì convene che lli desse grande avere perché · lasciasse andare via.,sì convene che l'avesse grande avere perché lo lasciasse andare via.,si convenne che egli dovesse avere un gran bene perché lo lasciasse andare via.,"Sì, conveniva che gli dessi un grande avere perché lasciasse andare via.",sì convenne che lasciasse andare via per averne un grande avere.,Dovrebbe dargli un bel po' di soldi per lasciarlo andare.
Filippo da Santa Croce,1323,tosc.,"notabile esemplo a ciascuno che si guardasse di fare e di pensar tradigione, il servo, il quale gli avea accusati, fu francato, e fugli donata grande quantità di moneta","Ecco un esempio per ogni uno che si guardi di fare e di pensare tradimento: il servo, il quale gli aveva accusati, fu giustiziato, e fu data a un altro grande quantità di denaro.","Un esempio notevole a ciascuno che si guardi di fare e di pensare tradimento: il servo, il quale mi aveva denunciato, fu messo in libertà e fu donato una grande quantità di denaro.","Un esempio notevole per ciascuno che si guardasse di fare e di pensare la tradizione: il servo, che gli aveva accusato, fu rilasciato e fu donato una grande quantità di denaro.","Un esempio notevole per ciascuno che si guardi di agire e di pensare in modo traditore: il servo, che gli aveva accusato, fu catturato e fu data una grande quantità di denaro per fuggire","notevole esempio per tutti coloro che guardano a fare e pensare tradimento, il servo, che aveva accusato, è stato frantumato, e fuggito donato una grande quantità di denaro"
Valerio Massimo (red. Va),1336,tosc.,che sarebbe a llui cosa sconcia se ll'avesse commesso sì che lla colpa del servo e 'l gastigamento di Platone avesse meritato egualmente.,che sarebbe a lui cosa sconcia se l'avesse commesso in modo che la colpa del servo e il castigo di Platone avessero meritato egualmente.,"Cosa sarebbe vergognosa per lui se avesse commesso qualcosa di tal genere, in modo che la colpa del servo e il castigo di Platone avessero meritato la stessa pena.","cosa sarebbe vergognosa per lui se commettesse qualcosa, poiché la colpa del servo e il castigo di Platone avessero meritato di essere ugualmente giusti.","Che sarebbe per lui cosa disonesta se avesse commesso un tale atto, che la colpa del servo e il castigo di Platone avessero meritato di essere egualmente giusti",Che sarebbe una cosa disgustosa per lui se l'avesse fatto in modo che la colpa del servo e la distruzione di Platone meritasse altrettanto.
Valerio Massimo (red. V1,1336,fior.,"mostroe massimamente le forze sue, dando lui re a questa cittade ne la quale nacque servo; al quale avvenne lunghissimamente lo imperio tenere","mostro massimamente le sue forze, facendolo re di questa città, in cui nacque servo; a cui avvenne poi lungamente di tenere l'impero","Mostro massimamente le forze sue, dando a lui il titolo di re di questa città, nella quale nacque servo; al quale accadde in lungo tempo di possedere l'impero.","Mostro in modo massimo le sue forze, trasformando in re questa città, nella quale nacque un servo; e a lui accadde, per un lungo periodo, di tenere il dominio imperiale.","E diede il massimo della sua forza, rendendolo re di questa città, nella quale era nato servo, e a lungo trasse il potere dell'impero.","Egli mostrò le sue forze in modo grande, dando il re a questa città in cui è nato schiavo, a cui è successo il regno a lungo molto."
Brunetto Latini,1260-61,fior.,l' anima muta la sua forza per la propietade di quello corpo a cui ella si congiunge.,L'anima cambia la sua forza per la proprietà del corpo a cui si unisce.,L'anima muta la sua forza per la proprietà del corpo a cui si unisce.,L'anima cambia la sua forza in virtù della proprietà di quel corpo al quale si unisce.,L'anima modifica la sua forza per la proprietà di quello corpo a cui si unisce.,L'anima cambia forza per proprietà del corpo a cui si unisce.
Cavalca,1308,tosc.,"sono due già non in una carne, ma in uno spirito, cioè Iddio, e l' anima. Onde in altro luogo dice S. Paolo: Chi s' accosta a Dio è uno spirito","Sono due già non in una carne, ma in uno spirito, cioè Dio e l'anima, onde in altro luogo dice S. Paolo: Chi si avvicina a Dio è uno spirito.","Sono due già non in una carne, ma in uno spirito, cioè Dio e l'anima, onde in altro luogo dice San Paolo: Chi si avvicina a Dio è uno spirito.","Sono due già non in una carne, ma in uno spirito, cioè Dio, e l'anima. Per questo, come dice San Paolo, chi si avvicina a Dio è uno spirito.","Sono due già non in una carne, ma in uno spirito, cioè Dio e l'anima; onde, come dice San Paolo, chi si avvicina a Dio è uno spirito.","Quindi i due non sono una sola carne, ma un solo spirito, e Dio e l'anima, come dice St. Paul altrove: ""Quelli che si avvicinano a Dio sono spirito""."
Fatti de' Romani (H+R),1313,fior.,"per tanto che Lucano il disse, il vi racontiamo. Ivi, quando l'anima di Pompeo ebe sentito la chiarità di lasusso, ella sì cognobe prima in  grande","Pertanto, Lucano disse: ""Raccontatemi ciò che successe. Lì, quando l'anima di Pompeo ebbe sentito la chiarezza della sua coscienza, ella così capì in poco tempo.","Per questo Lucano disse: ""Lì, quando l'anima di Pompeo ebbe sentito la chiarezza di una grande intelligenza, ella disse prima di morire: ""","Per questo motivo Lucano disse: ""Ecco, vi racconterò la storia. Lì, quando l'anima di Pompeo ebbe sentito la chiarezza della lussuria, essa si abbandonò prima in grande scemamento"".","Per tale motivo Lucano disse: ""Ecco, vi lo racconterò. Lì, quando l'anima di Pompeo ebbe sentito la chiarezza di Luso, ella sì come si corresse in grande agitazione.","Poi, quando l'anima di Pompeo sentì la chiarezza di sotto,"
Bono Giamboni,1292,fior.,"Sicchè dolore è a udire, quando l' usare l' arme e la fatica ricusano, con grandissimo disonore come pecore essere","Sicchè dolore è a udire, quando l'usare le armi e la fatica rifiutano, con grandissimo disonore come pecore essere.","Quindi è un dolore ascoltare, quando l'uso delle armi e la fatica rifiutano, con un grande disonore come pecore che sono.","Sicchè dolore è a udire, quando l'uso delle armi e la fatica sono rifiutate, con un grande disonore come pecore che sono","Sì, il dolore è tanto maggiore, quando con l'uso delle armi e della fatica non si può eseguire, e come pecore, si vergogna.","Così il dolore è da sentire, quando l'uso le armi e la fatica rifiutano, con grande disonore come pecore essere"
Bono Giamboni,1292,fior.,et nonn ebbe in fastido Cristo cotali parole d'udire.,E non ne ebbe in fastidio Cristo quelle parole d'udire.,E non fu gradito a Cristo ascoltare tali parole.,E non ebbe alcun fastidio Cristo per sentire tali parole.,Egli non ebbe in fastidio Cristo quelle parole udite.,E non è stato a suo agio Cristo a sentire queste parole.
Prima catilinaria volg. (red. A),1294,fior.,"la moltitudine de' quali tu ài potuto vedere e riguardare lo studio e poco dinanzi udire le voci, e lle cui mani e lance apena posso ritenere.","la moltitudine di coloro di cui tu hai potuto vedere e guardare lo studio e poco prima udire le voci, e le cui mani e lances apena posso tenere.",La moltitudine di coloro di cui tu hai potuto vedere e osservare lo studio e che poco dinanzi udire le voci e le cui mani e lance appena posso trattenere.,"La grande moltitudine di cui tu hai potuto vedere e osservare lo studio e poco dinanzi udire le voci, e le cui mani e lance, a malapena posso fermare.","La grande folla di persone di cui ho potuto vedere e osservare lo studio e, poco prima, udire le voci, e le cui mani e lance sono ancora quasi in grado di essere rette.","la moltitudine di cui hai potuto vedere e contemplare lo studio e poco prima di sentire le voci, e le cui mani e lance a malapena riesco a sentire."
T. Alderotti (?),1295,fior.,"udire di belle novelle et odorare di belli fiori, come et quando et quanto si conviene","Ascoltare delle belle novelle e odorare dei bei fiori, quando e quanto è conveniente.","ascoltare di belle novelle e profumare di bei fiori, quando e come e quanto è conveniente.","Ascoltare novelle belle e odorare fiori belli, quando, come e quanto si deve conviene.","udire di belle novelle e odorare di bei fiori, come e quando e quanto è convenuto","Sentire buone notizie e sentire l'odore di bei fiori, come e quando e come si addice."
Filippo da Santa Croce,1323,tosc.,"Il re entrò in uno giardino dietro al suo albergo, quasi come s'egli andasse pensando alla risposta.","Il re entrò in uno giardino che si trovava dietro al suo albergo, quasi come se andasse pensando alla risposta.","Il re entrò in un giardino posteriore al suo albergo, quasi come se stesse pensando alla risposta.","Il re entrò in uno giardino che si trovava dietro al suo palazzo, quasi come se fosse entrato a pensare alla risposta.","Il re entrò in un giardino posteriore al suo albergo, quasi come se stesse pensando alla risposta.","Il re entrò in un giardino dietro il suo albergo, quasi come se stesse andando a pensare alla risposta."
Ceffi,1325,fior.,"Ma io disioso colà dove io non posso col corpo andare, con la mente vi volo","Ma io desidero colà dove non posso andare con il corpo, con la mente vi volo.","Ma io desidero essere là dove non posso andare con il corpo, con la mente vi sono sempre presente.","Ma io desidero colà dove non posso arrivare con il corpo, con la mente vi volo.","Ma io sono desideroso di lì dove non posso andare con il corpo, ma con la mente vi volo","Ma io dissolvo dove non posso andare col corpo, con la mente ci volo"
Guido da Pisa,1337,tosc.,Ed ecco di subito tutta questa turba degli uccelli si levò a volo dietro all'aquila,"Ed ecco, di subito tutta questa tumultuazione degli uccelli si levò a volo dietro all'aquila",E immediatamente tutta questa folla degli uccelli prese a volare dietro all'aquila.,"Ecco, di subito tutta questa folla di uccelli si alzò in volo dietro all'aquila.","Ecco, di subitò tutta questa folla di uccelli si levò in volo dietro all'aquila",E all'improvviso tutta questa folla di uccelli si alzò in volo dietro l'aquila.
Grazia di Meo,1343,tosc.,Vede anche le ragioni del volo degli uccielli e di tutte le cose sa rendere vero giudicio.,Vede anche le ragioni del volo degli uccellini e di tutte le cose sa rendere vero il giudizio.,Anche le ragioni del volo degli uccelli e di tutte le cose sa rendere giusto il giudizio.,"Vede anche le ragioni del volo degli uccelli e di tutte le cose, la quale può rendere vero il giudizio.",Vede anche le ragioni per cui gli uccelli volano e sa rendere vero il giudizio per tutte le cose.,Vede anche le ragioni del volo degli uccelli e di tutte le cose sa fare un vero giudizio.
Zanobi da Strada,1361,tosc.,Or ecco quanto per la sua superbia questo uccello volava in alto.,Or ecco quanto per la sua superbia questo uccello volava in alto.,Or ecco quanto per la sua superbia questo uccello volava in cielo.,Ecco quanto per la sua superbia questo uccello volava in alto.,"Or ecco quanto per la sua superbia questo uccello volava in alto, fino a quando la sua vanità non fu punita.",Ora questo è quanto per la sua superbia questo uccello volava in alto.
Bonsignori,1375-77,umbr.-tosc.,"Gorgone, e ho questa proprietà che io volo per l'aire sì come uno ucello"".","Gorgona, e ho questa caratteristica che io volo nell'aria così come un uccello.","Gorgone, e ho questa meraviglia che io volo nell'aria proprio come un uccello.","Medusa, e ho questa qualità che io volo nell'aria proprio come un uccello.","Gorgone, e ho questa qualità che io volo nell'aria proprio come un uccello.","Gorgone, e ho questa proprietà che io volo per l'aria sì come un uccello""."
Bono Giamboni,1292,fior.,"quando nella matricola si scrivono giurano per Dio, e per Cristo, e per lo Spirito Santo","quando nella matricola si scrivono giurano per Dio, per Cristo e per lo Spirito Santo.","quando nella matricola si scrivono ""giurano per Dio, per Cristo e per lo Spirito Santo""","quando nella matricola si scrivono, giurano per Dio, per Cristo e per lo Spirito Santo.","quando nella matrice si scrivono, giurano per Dio, per Cristo e per lo Spirito Santo","Quando si iscrivono, giurano per Dio, per Cristo e per lo Spirito Santo."
Bono Giamboni,1292,fior.,"per necessitade i' ridico ke, secondo il comandamento tuo, padre santo Agostino, le battaglie già state nel mondo [..]","per necessità io ricorro a te, secondo il comandamento tuo, padre santo Agostino, le battaglie già state nel mondo.","per necessità io ripeto che, secondo il tuo comandamento, padre santo Agostino, le battaglie già combattute nel mondo.","per necessità io ripeto che, secondo il tuo comandamento, padre santo Agostino, le battaglie già sono state nel mondo [..]","per necessità io ripeto che, secondo il tuo comandamento, padre santo Agostino, le battaglie già sono state nel mondo.","Per necessità ridico che, secondo il tuo comando, santo padre Agostino, le battaglie sono già state nel mondo [..]"
Brunetto Latini,1294,fior.,"molto di maggiore memoria saranno faccendole al re, perciò che nella nostra cittade sempre fue santo e glorioso il nome reale, e sse furono compagni fue il loro nome santissimo;","Molto più di tutte le altre saranno ricordate per averle fatte al re, quindi in nostra città il nome reale è sempre stato santo e glorioso, e se furono compagni fu il loro nome santissimo.","Molto di più memoria avranno per averle fatte al re, pertanto il nome reale è sempre stato santo e glorioso nella nostra città, e se furono compagni fu anche il loro nome santissimo.","Molto di più memoria meritarono faccendole al re, perché così nella nostra città sempre è stato santo e glorioso il nome reale, e se furono compagni fu il loro nome santissimo;","Saranno molte più le ricordi che porteranno al re, perché per questo motivo il nome reale è stato sempre santo e glorioso nella nostra città, e se furono compagni sarà santissimo il loro nome.","Molto più grande sarà il ricordo che saranno fatti al re, perché nella nostra città il nome reale è sempre stato santo e glorioso, e questi sono stati compagni del loro nome santissimo."
Cavalca,1308,tosc.,"Non voglio, che insuperbischi per lo santo proposito, e voto della verginità vedendo le sue laudi","Non voglio, che superbi per lo santo proposito, e voto della mia verginità guardando le sue lodi.","Non voglio che superi per lo santo scopo, e giuro per la verginità veduta, considerando le sue virtù.","Non voglio che superi, per lo santo scopo, e la mia vota della verginità, guardando le sue lodi.","Non voglio che tu superi, per lo santo scopo, e per il voto della tua verginità, guardando le sue lodi","Non voglio, che insuperbiscite per il santo scopo, e voto di verginità vedendo le sue lodi"
Fatti de' Romani (H+R),1313,fior.,"Santo Agostino fece u· libro ch'avea nome ""Agostino Della Città di Dio"".","San Agostino fece un libro ch'aveva nome ""Agostino sulla Città di Dio"".","Santo Agostino scrisse un libro che aveva il nome ""Agostino sulla Città di Dio"".","Santo Agostino fece un libro ch'aveva nome ""Agostino sulla Città di Dio"".","Santo Agostino fece un libro che aveva il nome ""Agostino sulla Città di Dio"".","Sant'Agostino fece un libro chiamato ""Agostino della Città di Dio""."
Cavalca,1330,tosc.,Gregorio. Non udii mai che egli avesse maestro; ma il dono dello Spirito Santo non si può stringere a legge.,Gregorio. Non ho mai sentito dire che egli avesse un maestro; ma il dono dello Spirito Santo non si può stringere a legge.,Gregorio. Non ho mai sentito dire che avesse avuto un maestro; ma il dono dello Spirito Santo non può essere vincolato a leggi.,"Gregorio, non ho mai sentito dire che avesse un maestro; ma il dono dello Spirito Santo non può essere vincolato da leggi.","Gregorio, non gli ho mai sentito parlare di un maestro; ma il dono dello Spirito Santo non può essere legato a una regola.","Gregorio: Non ho mai sentito dire che avesse un maestro, ma il dono dello Spirito Santo non può essere stretto dalla legge."
Brunetto Latini,1260-61,fior.,Verbigrazia: Mercatanti fiorentini passavano in nave per andare oltramare.,"Cioè, i mercanti fiorentini passavano in nave per andare oltre il mare.",Ad esempio: Mercanti fiorentini che passavano in nave per andare all'estero.,"Per esempio, i mercanti fiorentini passavano in nave per andare all'altro mondo.","In particolare, mercanti fiorentini passavano in nave per recarsi in terra lontana.",Verbigrazia: I mercanti fiorentini passavano in barca per andare oltreoceano.
Bono Giamboni,1292,fior.,"Quando averai nel cavaliere i detti segni veduti non andare a grandezza caendo, perchè nelle battaglie sono più utili i forti che i grandi.","Quando avrai nel cavaliere i segni che ho visto non crollare a causa della grandezza, perché nelle battaglie sono più utili i forti che i grandi.","Quando avrai osservato i segni che si dice che debbono esserti appariti, non andrai a crescere in grandezza cadendo, perché nelle battaglie sono più utili i forti che i grandi.","Quando avrai nel cavaliere i segni che ti ho mostrato, vedrai che non andrà alla grandezza cadendo, perché nelle battaglie sono più utili i forti che i grandi.","Quando avrai nel cavaliere i segni che ho detto, veduti e riconosciuti, non si andranno a diminuire per esser gravi, perché nelle battaglie sono più utili i forti che i grandi.","Quando avrai nel cavaliere questi segni, non andare alla grandezza cadendo, perché in battaglia i forti sono più utili dei grandi."
Bono Giamboni,1292,fior.,"e, cosa che anche è più grave, cioè essere preso, o vero fuggire, e suo Comune lasciare vincere.","E, cosa che anzi è più grave, cioè essere preso, o vero fuggire, e la sua città lasciare vincere.","E, il che è ancora più grave, cioè essere catturato, o fuggire in realtà, e il suo Comune lasciare vincere.","E, cosa che è ancora più grave, cioè essere catturato, o vero fuggire, e lasciare il suo Comune vincitore.","e, cosa che è ancora più grave, cioè essere catturato, o fuggire, e lasciare vincere il proprio Comune","E, cosa è anche più grave, cioè essere catturati, o vero fuggire, e il suo comune lasciare vincere."
Filippo da Santa Croce,1323,tosc.,"Sappiate veramente, che se noi non ci fossimo sì affrettati del fuggire, noi saremmo tutti morti.","Sappiate veramente, che se noi non ci fossimo affrettati a fuggire, noi saremmo tutti morti.","Sappiate veramente, che se noi non ci fossimo affrettati a fuggire, tutti noi saremmo morti.","Sapete veramente che se noi non ci fossimo affrettati a fuggire, noi saremmo tutti morti.","Sappiate veramente, che se noi non ci fossimo fuggiti in fretta, tutti noi saremmo stati morti.","Sappiate davvero che se non ci fossimo affrettati a fuggire, saremmo tutti morti."
Deca quarta,1346,fior.,"Tarco cretense che in aiuto era alli nimici avrebbe potuto fuggire, ma la vergogna d'abbandonare li nobilissimi cavalieri della gente achea poco avanti da lui","Tarco cretese che, in aiuto ai nemici, avrebbe potuto fuggire, ma la vergogna di abbandonare i nobilissimi cavalieri della gente achea lo impediva.","Un troiano coraggioso che poteva in aiuto ai nemici fuggire, ma la vergogna di abbandonare i nobilissimi cavalieri della gente achea lo fermò poco prima di lui.","Un soldato cretese che poteva fuggire aiutando i nemici, ma la vergogna di abbandonare quei nobilissimi cavalieri dell'eta' achea, poco prima di lui.","Tarco cretese, che in aiuto ai nemici poteva esserci, ma la vergogna di abbandonare i nobilissimi cavalieri della gente achea lo costrinse a rimanere lì","Tarco Cretese che era in aiuto dei nemici avrebbe potuto fuggire, ma la vergogna di abbandonare i nobili cavalieri della gente di Achaea poco prima di lui"
Brunetto Latini,1260-61,fior.,"e l' acconciamento a fare grandissime cose, cioè a ttenere pace et amare Idio e 'l proximo, a ffare cittadi, castella e magioni","e l'abilità di adattarsi a fare grandi cose, cioè a mantenere la pace, ad amare Dio e il prossimo, a fare città, castelli e case.","e l'abilità di compiere cose grandiose, cioè di mantenere la pace, di amare Dio e il prossimo, di fondare città, castelli e case.","e l'abilità di fare grandi cose, cioè di mantenere la pace, amare Dio e il prossimo, e costruire città, castelli e case.","e l'abbigliamento era pensato per fare cose grandiose, cioè per mantenere la pace, amare Dio e il prossimo, costruire città, castelli e case.","e l'acconciatura per fare grandi cose, cioè per mantenere la pace e amare Dio e il prossimo, per fare città, castelli e palazzi"
Giovanni da San Miniato,1415,tosc.,colui che ancora non sa amare il prossimo come sé medesimo già cominci a temere i giudicii di Dio. ,Colui che ancora non sa amare il prossimo come sé medesimo già comincia a temere i giudici di Dio.,Colui che ancora non sa amare il prossimo come se medesimo già comincia a temere i giudizi di Dio.,Colui che ancora non sa amare il prossimo come sé stesso già comincia a temere i giudizi di Dio.,Colui che ancora non sa amare il prossimo come sé stesso già comincia a temere i giudici di Dio.,Chi non ama il prossimo come se stesso ha già paura del giudizio di Dio.
Arte Am. Ovid. (B),1310/13,fior.,"L'ucello, poi che hae impaniate le ali, non fugge salvamente, né llo porco salvatico esce bene delle reti ove cade.","L'uccello, poi che è stato impennati le ali, non fugge salvo, né il porco selvatico esce bene dalle reti ove cade.","L'uccello, poi che si è impanato le ali, non fuggisce salvo, né il porco selvatico esce bene dalle reti in cui cade.","L'uccello, una volta che ha impanato le ali, non fugge salvo, né il porco selvatico escogita una buona fuga dalle reti in cui si è imbizzarrito.","L'uccello, una volta che si è impanato le ali, non scappa in salvo, né il porco selvatico scappa bene dalle reti in cui cade.","L'uccello, dopo aver spento le ali, non fugge in salvo, e il maiale selvatico non esce bene dalle reti in cui è caduto."
Cavalca,1308,tosc.,"Io gli apersi, e quelli fuggitte. E che bisogno è, che lo cuore tuo stia chiuso al tuo sposo Cristo?","Io gli chiesi, e loro fuggirono. E che bisogno è, che il tuo cuore sia chiuso al tuo sposo Cristo?","Io gli aprìi, e quelli fuggirono. E che bisogno c'è, che il tuo cuore sia chiuso al tuo sposo Cristo?","Io gli aprisi, e quelli fuggirono. E che bisogno c'è, che il tuo cuore sia chiuso al tuo sposo, Cristo?","Io gli aprinsi, e loro fuggirono. E che bisogno c'è, che il tuo cuore sia chiuso al tuo sposo, Cristo?",E che bisogno c'è che il tuo cuore sia chiuso al tuo sposo Cristo?
Prima catilinaria volg. (red. A),1294,fior.,"E dunque, da che queste cose son così, Catellina, e tu non puoi buonamente qui dimorare, dubiti tu d'andartene in alcuna terra ed usare questa vita fuggendo per li diserti","E dunque, da che queste cose sono così, Catellina, e tu non puoi buonamente qui dimorare, dubiti tu d'andare in qualsiasi terra ed usare questa vita fuggendo per i lussi?","E quindi, Catellina, da che queste cose sono così, tu non puoi buonamente rimanere qui e dubiti tu di andar via in qualsiasi terra e di usare questa vita fuggendo per i lusuri?","E quindi, Catellina, da dove sono queste cose, tu non puoi buonamente restar qui, dubiti tu di andare in qualsiasi terra ed usare questa vita fuggendo per evitare i dispiaceri?","E dunque, da quando queste cose sono così, Catellina, e tu non puoi buonamente rimanere qui, dubiti tu di andare in qualsiasi terra e di utilizzare questa vita fuggendo per evitare i dispiaceri?","E dunque, siccome queste cose sono così, Catellina, e tu non puoi benissimo dimorare qui, dubiti di andare in qualche terra e di usare questa vita fuggendo nei deserti"
Chiose a Valerio Massimo (D - L. I-V),1346,tosc.,"Questi due, volendo contra la voglia del senato dimorare ne l'ufficio del tribunato, furono morti da la plebe, incitandola i padri coscritti.","Questi due, volendo contro la volontà del senato rimanere nell'ufficio del tribunato, furono uccisi dalla plebe, che fu incitata dai padri della conciatura.","Questi due, volendo disobbedire alla volontà del senato, furono uccisi dalla plebe, che li incitò con i loro padri [anziani].","Questi due, volendo disobbedire alla volontà del senato, decisero di rimanere nell'ufficio del tribunato, ma furono uccisi dalla plebe, che fu incitata dai padri consiglieri.","Questi due, volendo contrariamente alla volontà del senato rimanere nell'ufficio del tribunato, furono uccisi dalla plebe, spinti dai padri consiglieri.","Questi due, volendo contro la volontà del senato dimorare nell'ufficio del tribunale, furono uccisi dalla plebe, incitata dai padri arruolati."
Bono Giamboni,1292,fior.,"i giovani, a cui il difendimento delle provincie, e la ventura di tutta la battaglia si commette","I giovani, a cui si commette il difendersi delle province e la ventura di tutta la battaglia.","i giovani, a cui è affidato il difendere le province, e la ventura di tutta la battaglia, si commette.","i giovani, a cui è commesso il difendersi delle province e la fortuna di tutta la battaglia","i giovani, a cui spetta il difendere le provincie e la fortuna di tutta la battaglia","I giovani, ai quali si affida la difesa delle province, e l'avventura di tutta la battaglia."
Bono Giamboni,1292,fior.,"da' monti de' Romani si feciero nuovi nemici; contra i quali è conbactuto cum diversa ventura: perké nela primaia battaglia, essendo consolo Valerio, MMMD ne moriro de' Romani;","Dall'altezza dei Monti Romani nacquero nuovi nemici; contro i quali è contrapposto con una diversa fortuna: perché nella prima battaglia, essendo console Valerio, morirono MMMD de' Romani;","Da quei monti dei Romani nacquero nuovi nemici, contro i quali è stato contrastato con una diversa ventura: però nella prima battaglia, essendo console Valerio, morirono MMMD (mille e più) Romani.","Da quei monti dei Romani, si è fatto un nuovo nemico; contro di esso è messo in concerto una diversa fortuna: però nella prima battaglia, essendo console Valerio, morirono Mille e Mille e trenta de' Romani;","Da Roma i monti si sono allietati di nuovi nemici, contro i quali è stato messo in campo un esercito diverso: nella prima battaglia, con il console Valerio, però, sono morti 100000 romani.","Dalle montagne dei Romani si fecero nuovi nemici; contro i quali si conbatte cum diversa ventura: perché nella prima battaglia, essendo console Valerio, MMMD ne morirò de Romani;"
Fatti de' Romani (H+R),1313,fior.,"noi iscaciati e dipartiti per debito dela cittade, e tutti iscaciati da fama e da ventura buona.","Noi ci siamo separati e partiti per debito della città, e tutti ci siamo separati per fama e per una buona fortuna.","Ora ci siamo separati e partiti a causa del debito della città, e tutti siamo stati separati dalla fama e dalla buona fortuna.","Noi siamo stati cacciati e partiti a causa di debiti della città, e tutti cacciati a causa della fama e della buona fortuna.","noi separati e partiti per dovere della città, e tutti separati dalla fama e dalla buona fortuna","E noi siamo morti per il debito della città, e tutti morti per la fama e la buona fortuna."
Simintendi,1333,tosc.,pregaste gli dei per me; e' vostri preghieri valsono: e se voi domandate chi ebbe ventura di questa battaglia; io non fui vinto da colui.,Pregai i dei per me; e i vostri preghi valgono: e se voi chiedete chi ebbe fortuna di questa battaglia; io non fui vinto da lui.,Pregai i nostri dei per me; e i vostri preghieri valgono: e se voi chiedete chi ebbe fortuna di questa battaglia; io non fui sconfitto da lui.,"Pregai i nostri dei per me; i vostri preghieri valgono poco, e se voi chiedete chi ebbe ventura di questa battaglia, io non fui vinto da lui.",Pregai i Diosi per me; e i vostri preghieri valgono: e se voi chiedete chi ebbe ventura di questa battaglia; io non fui vinto da lui.,"Chiamate gli dei per me, le vostre preghiere saranno ascoltate, e se dovete chiedere chi ha vinto questa battaglia, io non sono stato sconfitto da loro."
Valerio Massimo (red. V1,1336,fior.,"una villa chiamata Vitermina, con ciò fosse cosa che piusori principi di scherani corressero per ventura a quel tempo a vederlo, Scipione, stimando che venissero per isforzarlo, allogò ne la casa","una villa chiamata Viterbo, con ciò fosse cosa che principi e scherani corressero per ventura a quel tempo a vederlo, Scipione, stimando che venissero per isforzarlo, allogò nella casa","Una villa chiamata Vitermina, in modo che nessun principe di schiavi o scellerato per caso potesse correre per ventura a vederla, allogò nella casa","Una villa chiamata Viterbo, con ciò che si potesse dire che i principi di quelli scherani, che correvano per caso in quel tempo a vedere Scipione, lo stimavano forzabile, allogò, quindi, nella casa","Una villa chiamata Viterbo, in modo che coloro che erano principi e scherani si affrettassero a quel tempo a vederlo, Scipione, stimando che venissero per forzarlo, allogò in quella casa","Una villa chiamata Vitermina, con questo era una cosa che molti principi di scherni correvano per fortuna a vederlo in quel momento. Scipione, pensando che sarebbero venuti a metterlo a dura prova, ha ospitato la casa"
Brunetto Latini,1260-61,fior.,contra lui e contra le sue sorelle  e contra il reame e contra l' alto pregio della sua ingenerazione e della sua familia,contro lui e contro le sue sorelle e contro il regno e contro il alto pregio della sua nascita e della sua famiglia,contro lui e contro le sue sorelle e contro il regno e contro l'alto pregio della sua nascita e della sua famiglia.,contro lui e contro le sue sorelle e contro il regno e contro il grande pregio della sua nascita e della sua famiglia.,contro di lui e contro le sue sorelle e contro il reame e contro il gran pregio della sua nascita e della sua famiglia,contro lui e contro le sue sorelle e contro il regno e contro l ' alto valore della sua generazione e della sua famiglia .
Fatti de' Romani (H+R),1313,fior.,"Allora che il navilio si fue impinto e messo in alto mare per andare diritto per mezo questo trapasso periglioso, l'aira divenne nuvolosa e pioveginosa","Allora che il naveleggio si fu preso e messo in alto mare per andare diritto nel mezzo a questo passaggio pericoloso, l'aria divenne nuvolosa e piovesca.","Allora, mentre il mio navio si imbarcò e fu messo in alto mare per andare dritto per mezzo a questo passaggio pericoloso, l'aria divenne nuvolosa e iniziò a piovere.","Allora che il mio naviglio si fu catturato e messo in alto mare per andare dritto a mezzo questo passaggio pericoloso, l'aria divenne nuvolosa e pioveggiante.","Allora, mentre il mio navicello si mise in viaggio e fu messo in alto mare per andare dritto in mezzo a questo pericoloso passaggio, l'aria divenne nuvolosa e iniziò a piovere.","Quando la nave è stata messa in mare per andare dritta in mezzo a questo pericoloso passaggio, l'aria è diventata nuvolosa e piovosa."
Filippo da Santa Croce,1323,tosc.,"ne salìo in su l'argine del fosso, e in su lo steccato, se da alto si potessero difendere, o per alcuna maniera passare oltre e scampare.","Salii sul margine del fosso, e sul muro, se da lassù si potessero difendere, o in qualche modo passare oltre e scampare.","Mi salii sul muretto del fossato e sul recinto, se da lassù si potessero difendere, o in qualche modo superare e scampare.","Salì in cima all'argine del fosso e in cima allo steccato, se da lì si potesse difendersi o, in qualche modo, passare oltre e scampare.","Salì su l'argine del fosso e su lo steccato, se da lassù si potesse difendere, o in qualche modo passare oltre e salvarsi.","Salgono sul bordo della fossa e sulla recinzione, se da lassù possono difendersi, o in qualche modo superare e fuggire."
Alberto della Piagentina,1330/32,fior.,"Ma l' occhio della intelligenza è più alto. Perciò che, passata la grandezza della universitade, quella medesima semplice forma vede nella sottil vista","Ma l'occhio della saggezza è più alto. Perciò che, passata la grandezza della università, quella medesima semplice forma vede nella sottile vista.","Ma l'intelligenza supera l'occhio. Pertanto, sebbene la grandezza dell'università sia passata, la stessa semplice forma è vista nella sottile visione.","Ma l'occhio dell'intelligenza è più alto. Pertanto, una volta superata la grandezza dell'università, la stessa semplice forma vede nella sottile vista.","Ma l'occhio della ragione è più alto. Pertanto, passata la grandezza dell'università, quella stessa semplice forma vede nella sottile visione.",Ma l'occhio dell'intelligenza è più alto.
Brunetto Latini,1260-61,fior.,"Et se l' occhio è nobile membro del corpo dell' uomo, dunque la salutazione è nobile parte della pistola, c' altressì allumina tutta la lettera come l' occhio allumina l' uomo.","E se l'occhio è membro nobile del corpo dell'uomo, dunque la salutazione è parte nobile della lettera, ciò di più, in essa si alluma tutta la lettera come l'occhio alluma l'uomo.","Se l'occhio è membro nobile del corpo dell'uomo, dunque la saluto è parte nobile della lettera, e inoltre illumina tutta la lettera come l'occhio illumina l'uomo.","E se l'occhio è membro nobilissimo del corpo dell'uomo, quindi la saluto è parte nobilissima della lettera, così pure illuminano tutta la lettera come l'occhio illumina l'uomo.","E se l'occhio è un membro nobile del corpo dell'uomo, dunque la salutazione è un elemento nobile della lettera, che altresì illumina tutta la lettera come l'occhio illumina l'uomo.","E se l'occhio è un membro nobile del corpo dell'uomo, allora il saluto è una nobile parte della pistola, altrettanto illumina l'intera lettera come l'occhio illumina l'uomo."
Bono Giamboni,1292,fior.,"Tarentini, i quali erano nati di quegli di Lacedemonia et facta da lloro nobile cittade de' Greci.","Tarentini, i quali erano nati di quegli di Lacedemone e fatto da loro la nobile città dei Greci.","I Tarentini, che erano discendenti di quelli di Sparta e nati nella loro nobilissima città greca.","I Tarentini, i quali erano nati da quelli di Sparta e erano stati fondata da loro dalla loro nobilissima città dei Greci.","Tarentini, i quali erano nati da quelli di Lacedomone e erano stati fondata da loro quella nobilissima città dei Greci.","Tarentini, che erano nati da quelli di Lacedemonia e fatti dalla loro nobile città de Greci."
Fatti de' Romani (H+R),1313,fior.,"Ulecois, ebe un uomo rico e nobile: Orgentore fue chiamato per nome.","Ulecois, era un uomo ricco e nobile: Orgentore fu chiamato per nome.","Ulecois, un uomo ricco e nobile: Orgentore fu chiamato per nome.","Ulecois, ebbe un uomo ricco e nobile: Orgentore fu chiamato per nome.","Ulecois, un uomo ricco e nobile: fu chiamato Orgentore per nome.","Ulecois, un uomo ricco e nobile, Orgentore venne chiamato per nome."
Valerio Massimo (red. Va),1336,tosc.,"però che, sse nobile cosa e alta è abatte il nimico, ampoi nonn è meno laudabile sapere avere misiricordia","Però che, se è nobile essere amato e alta la virtù di essere nemico, al tempo stesso non è meno lodevole sapere avere misericordia.","però che, se è nobilissima la cosa di abattere un nemico e alta è la sua virtù, nonn'è meno laudabile sapere avere pietà.","Ma però, se la nobiltà e l'alto valore del nemico sono cose meritevoli di lode, è meno degno di lode il sapere avere misericordia.","Ma poiché essere nemico di qualcuno è una cosa nobile e alta, non è meno laudabile sapere fare compassione per lui.","Eppure, se la cosa nobile e alta è abbattere il nemico, non è meno lodevole saper avere pietà."
Bono Giamboni,1292,fior.,"Alexandri, ciò è il genero e 'l figliuolo, da Phausonia, gentile iovane di Macedonia, stando in uno luogo strecto sanza guardia, fue morto.","Alessandrino, fu questo il figlio e il genero di Filippo di Macedonia, gentile giovane di Fasi, che, rimanendo in un luogo stretto senza guardia, morì.","Alessandri, fu così ucciso il figlio e il genero di Filippo di Macedonia, un giovane gentile di Fasi, che si trovava in un luogo stretto senza alcuna difesa.","Alessandri, questo è il figlio e il genero, di Faustina, giovane gentile di Macedonia, che, trovandosi in un luogo stretto senza alcuna guardia, fu ucciso.","Alessandri, questo è il padre e il figlio, di Fausania, giovane gentile di Macedonia, che fu ucciso in un luogo stretto senza guardia.","Alessandro, che è il genero è il figlio, da Phausonia, gentile giovane della Macedonia, essendo in un posto stretto sanza guardia, fu ucciso."
Grazia di Meo,1343,tosc.,"Alchuno è riccho e gentile, ma lamentasi che vorebbe avere altra moglie che quella ch'egli à.","Alcuno è ricco e gentile, ma si lagna che vorrebbe avere una moglie diversa da quella che ha.","Chiunque sia ricco e gentile, lamenta di voler avere un'altra moglie, invece di quella che ha.","Chi è ricco e gentile, ma si lamenta di voler avere una moglie diversa da quella che ha.","Chiunque sia ricco e gentile, lamenta di voler avere un'altra moglie, invece di quella che ha già.","Qualcuno è ricco e gentile, ma si lamenta di voler avere una moglie diversa da quella che ha."
Zanobi da Strada,1361,tosc.,"Pietro, essendogli mostrato in figura il populo Gentile, sì gli fu detto: ammazza, e mangia","Pietro, essendogli mostrato in figura il popolo gentile, gli fu detto: uccidi, e mangia","Pietro, essendo stato presentato in figura al popolo Gentile, gli fu detto: uccidi e mangia.","Pietro, avendo avuto mostrato alla gente il suo popolo, così gli fu detto: uccidi e mangia.","Pietro, essendo stato mostrato in figura al popolo gentile, gli fu detto: uccidi, e mangia.","Quando Pietro vide un esempio di gentili, gli fu detto: ""Sì, uccidi e mangia""."
Declamazioni di Seneca,1392,tosc.,"pregollo che lo liberasse di quella obbligazione, in che egli l' aveva lasciato ubbligato. El gentile uomo assentì, e liberollo, e fecene carta.","Chiesi a lui che lo liberasse da quella obbligazione, in che egli l'aveva lasciato vincolato. L'uomo gentile acconsentì e mi liberò, e mi diede la carta.","Chiesi al signore che mi liberasse da quell'obbligazione, di cui ero stato a lungo obbligato. Il gentile uomo acconsentì, e mi liberò, e mi diede carta.","Prego, che lo liberassi da quella obbligazione, in quanto egli l'aveva lasciato vincolato. Il gentile uomo accennò con la testa, e lo liberò, e gli diede carta.","Chiesi al gentile uomo che mi liberasse da quell'obbligazione, a cui l'uomo mi aveva costretto, lasciandomi in tale stato di obbligo. L'omone gentile assentì e mi liberò, e mi diede la carta.","Gli chiesi di liberarlo da questo obbligo, in cui l'aveva lasciato costretto. L'uomo gentile decise di non andare, e lo liberò, scrivendoci una lettera."
Giovanni da San Miniato,1415,tosc.,"L'oro verrà dall'Aquilone. Che figuriamo noi per l'Aquilone, se non il populo Gentile congelato dal freddo del peccato, il qual populo tenne sotto il giogo della sua tirannia","L'oro verrà dall'Aquilone. Che figuriamo noi per l'Aquilone, se non il popolo Gentile congelato dal freddo del peccato, il quale popolo tenne sotto il giogo della sua tirannia.","L'oro verrà dall'Aquilone. Che cosa possiamo fare noi, se non il popolo gentile congelato dal freddo del peccato, il quale popolo tenne sotto il giogo della tirannia della sua cupidigia.","L'oro verrà dal Nord, il vento dell'Aquilone. Che figuriamo noi rispetto all'Aquilone, se non il popolo gentile congelato dal freddo del peccato, il popolo che ha tenuto sotto il giogo della tirannia della sua cupidigia.","L'oro verrà dall'Aquilone. Che figuriamoci noi rispetto all'Aquilone, se non il popolo gentile congelato dal freddo del peccato, il quale popolo teneva sotto il giogo della tirannia sua.","L'oro verrà da Aquilone, che rappresenta noi per Aquilone, se non il popolo gentile congelato dal freddo del peccato, che ha tenuto sotto il giogo della sua tirannia."
Prima catilinaria volg. (red. A),1294,fior.,"sia in mezzo tra me e te: con noi non puo' tu già più lungamente dimorare, ch'io non lo sofferrò e non lo lascerò.","sia tra me e te: con noi non puoi più durare a lungo, perché non lo tollero e non lo lascerò.","Sia tra me e te: con noi ormai non puoi più rimanere a lungo, perché io non soffrirò di questo e non lo lascerò.","Sia tra me e te: con noi non potrai più trattenerti a lungo, perché io non lo tollererò e non lo lascerò.","Sia tra me e te: con noi non potrai più lungamente rimanere, poiché io non lo tollererò e non lo lascerò.","che sia tra me e te. Non potrai più rimanere con noi, e io non lo lascerò e non lo lascerò."
